"last_name, first_name","player_id","year","player_age","pa","ab","home_run","strikeout","walk","k_percent","batting_avg","slg_percent","on_base_percent","on_base_plus_slg","p_earned_run","p_out","p_win","p_loss","p_era","p_quality_start","woba","n"
"Colon, Bartolo","112526","2015","42","815","771","25","136","24",16.7,".281",".437",".304","0.741","90","584","14","13","4.16","19",".316","2683"
"Burnett, A.J.","150359","2015","38","699","633","11","143","49",20.5,".275",".381",".336","0.717","58","492","9","7","3.18","17",".315","2490"
"Hudson, Tim","218596","2015","39","525","476","13","64","37",12.2,".282",".405",".340","0.745","61","371","8","9","4.44","10",".327","1848"
"Buehrle, Mark","279824","2015","36","827","768","22","91","33",11,".279",".440",".311","0.751","84","596","15","8","3.81","19",".321","2818"
"Sabathia, CC","282332","2015","34","726","659","28","137","50",18.9,".285",".458",".338","0.796","88","502","6","10","4.73","11",".343","2693"
"Vogelsong, Ryan","285064","2015","37","598","528","17","108","58",18.1,".265",".443",".338","0.781","70","405","9","11","4.67","9",".337","2304"
"Dickey, R.A.","285079","2015","40","884","798","25","126","61",14.3,".244",".405",".303","0.708","93","643","11","11","3.91","20",".307","3181"
"Lohse, Kyle","346798","2015","36","665","607","29","108","43",16.2,".297",".502",".345","0.847","99","457","5","13","5.85","5",".362","2529"
"Lackey, John","407793","2015","36","896","824","21","175","53",19.5,".256",".376",".303","0.679","67","654","13","10","2.77","26",".295","3102"
"De La Rosa, Jorge","407822","2015","34","634","554","17","134","65",21.1,".247",".413",".325","0.738","69","447","9","7","4.17","14",".320","2443"
"Lewis, Colby","407890","2015","35","859","793","26","142","42",16.5,".266",".430",".308","0.738","106","614","17","9","4.66","20",".317","3168"
"Harang, Aaron","421685","2015","37","748","681","26","108","51",14.4,".278",".470",".332","0.802","93","517","6","15","4.86","13",".345","2832"
"Guthrie, Jeremy","425386","2015","36","664","600","29","84","44",12.7,".310",".515",".363","0.878","98","445","8","8","5.95","8",".376","2464"
"Williams, Jerome","425532","2015","33","553","508","22","74","34",13.4,".317",".500",".363","0.863","78","363","4","12","5.80","7",".370","1960"
"Greinke, Zack","425844","2015","31","843","790","14","200","40",23.7,".187",".276",".231","0.507","41","668","19","3","1.66","30",".225","3230"
"Haren, Dan","429717","2015","34","768","709","31","132","38",17.2,".245",".444",".289","0.733","75","562","11","9","3.60","17",".315","2898"
"Simon, Alfredo","430580","2015","34","820","729","24","117","68",14.3,".276",".466",".342","0.808","105","561","13","12","5.05","12",".348","3011"
"Hamels, Cole","430935","2015","31","880","800","22","215","62",24.4,".237",".369",".300","0.669","86","637","13","8","3.65","21",".294","3326"
"Kazmir, Scott","431148","2015","31","763","684","20","155","59",20.3,".237",".374",".303","0.677","63","549","7","11","3.10","16",".298","2940"
"Danks, John","433579","2015","30","768","695","24","124","56",16.1,".281",".466",".334","0.800","93","533","7","15","4.71","15",".344","2911"
"Hernández, Félix","433587","2015","29","825","750","23","191","58",23.2,".240",".381",".301","0.682","79","605","18","9","3.53","20",".299","3036"
"Verlander, Justin","434378","2015","32","535","493","13","113","32",21.1,".229",".357",".277","0.634","50","400","5","8","3.38","14",".276","2147"
"Liriano, Francisco","434538","2015","31","773","695","15","205","70",26.5,".223",".332",".298","0.630","70","560","12","7","3.38","20",".282","2978"
"Jiménez, Ubaldo","434622","2015","31","791","707","20","168","68",21.2,".257",".397",".330","0.727","84","552","12","10","4.11","14",".320","3048"
"Hammel, Jason","434628","2015","32","710","654","23","172","40",24.2,".242",".425",".289","0.714","71","512","10","7","3.74","12",".305","2731"
"Sánchez, Aníbal","434671","2015","31","660","603","29","138","49",20.9,".252",".459",".308","0.767","87","471","10","10","4.99","11",".330","2526"
"Chavez, Jesse","445926","2015","31","672","612","18","136","48",20.2,".268",".410",".320","0.730","73","471","7","15","4.18","12",".317","2562"
"Kluber, Corey","446372","2015","29","886","819","22","245","45",27.7,".231",".371",".279","0.650","86","666","9","16","3.49","19",".283","3262"
"Shields, James","448306","2015","33","860","763","33","216","81",25.1,".248",".450",".327","0.777","88","607","13","7","3.91","19",".335","3315"
"García, Jaime","448802","2015","28","510","471","6","97","30",19,".225",".299",".274","0.573","35","389","10","6","2.43","15",".256","1851"
"Volquez, Edinson","450172","2015","31","850","758","16","155","72",18.2,".251",".372",".320","0.692","79","601","13","9","3.55","19",".305","3294"
"Morton, Charlie","450203","2015","31","563","506","13","96","41",17.1,".271",".429",".340","0.769","69","387","9","9","4.81","12",".333","1973"
"Weaver, Jered","450308","2015","32","669","617","24","90","33",13.5,".264",".454",".313","0.767","82","477","7","12","4.64","12",".330","2433"
"Wilson, C.J.","450351","2015","34","553","491","13","110","46",19.9,".240",".367",".316","0.683","57","396","8","8","3.89","12",".301","2109"
"Gallardo, Yovani","451596","2015","29","793","720","15","121","68",15.3,".268",".399",".331","0.730","70","553","13","11","3.42","12",".320","3224"
"Lester, Jon","452657","2015","31","827","764","16","207","47",25,".240",".373",".288","0.661","76","615","11","12","3.34","21",".289","3182"
"Kendrick, Kyle","452718","2015","30","629","570","33","80","45",12.7,".302",".565",".359","0.924","100","427","7","13","6.32","6",".392","2211"
"Kennedy, Ian","453178","2015","30","712","644","31","174","51",24.4,".258",".497",".318","0.815","80","505","9","15","4.28","17",".347","2890"
"Scherzer, Max","453286","2015","30","899","847","27","276","34",30.7,".208",".358",".242","0.600","71","686","14","12","2.79","23",".259","3353"
"Arrieta, Jake","453562","2015","29","870","811","10","236","48",27.1,".185",".271",".236","0.507","45","687","22","6","1.77","29",".225","3427"
"Price, David","456034","2015","29","888","826","17","225","47",25.3,".230",".350",".271","0.621","60","661","18","5","2.45","24",".270","3378"
"González, Miguel","456068","2015","31","622","559","24","109","51",17.5,".270",".456",".339","0.795","79","434","9","12","4.91","8",".344","2434"
"Cueto, Johnny","456501","2015","29","866","803","21","176","46",20.3,".242",".387",".288","0.675","81","636","11","13","3.44","19",".294","3260"
"Happ, J.A.","457918","2015","32","717","668","16","151","45",21.1,".259",".391",".308","0.699","69","516","11","8","3.61","16",".304","2822"
"Lynn, Lance","458681","2015","28","751","667","13","167","68",22.2,".258",".378",".330","0.708","59","526","12","11","3.03","19",".311","3030"
"Pelfrey, Mike","460059","2015","31","714","651","11","86","45",12,".304",".413",".359","0.772","78","494","6","11","4.26","12",".339","2657"
"Gonzalez, Gio","461829","2015","29","758","673","8","169","69",22.3,".269",".374",".336","0.710","74","527","11","8","3.79","16",".312","2937"
"Hughes, Phil","461833","2015","29","651","629","29","94","16",14.4,".293",".501",".311","0.812","76","466","11","9","4.40","11",".347","2254"
"Estrada, Marco","462136","2015","31","724","659","24","131","55",18.1,".203",".364",".269","0.633","63","543","13","8","3.13","16",".276","2907"
"Carrasco, Carlos","471911","2015","28","730","675","18","216","43",29.6,".228",".369",".277","0.646","74","551","14","12","3.63","17",".281","2766"
"Anderson, Brett","474463","2015","27","750","697","18","116","46",15.5,".278",".402",".324","0.726","74","541","10","9","3.69","18",".316","2706"
"Ross, Tyson","475115","2015","28","823","725","9","212","84",25.8,".237",".330",".322","0.652","71","588","10","12","3.26","21",".292","3212"
"Hellickson, Jeremy","476451","2015","28","636","573","22","121","43",19,".264",".462",".318","0.780","75","438","9","12","4.62","12",".334","2470"
"Warren, Adam","476589","2015","27","534","484","10","104","39",19.5,".236",".347",".301","0.648","48","394","7","7","3.29","7",".287","2154"
"Niese, Jonathon","477003","2015","28","770","686","20","113","55",14.7,".280",".424",".340","0.764","81","530","9","10","4.13","18",".333","2682"
"Kershaw, Clayton","477132","2015","27","890","839","15","301","42",33.8,".194",".284",".237","0.521","55","698","16","7","2.13","27",".231","3385"
"Cashner, Andrew","488768","2015","28","804","718","19","165","66",20.5,".279",".430",".342","0.772","89","554","6","16","4.34","18",".335","3101"
"Miley, Wade","489119","2015","28","831","758","17","147","64",17.7,".265",".416",".325","0.741","96","581","11","11","4.46","17",".323","3194"
"Garza, Matt","490063","2015","31","666","598","23","104","57",15.6,".294",".475",".357","0.832","93","446","6","14","5.63","10",".359","2380"
"Quintana, Jose","500779","2015","26","862","802","16","177","44",20.5,".272",".408",".315","0.723","77","619","9","10","3.36","25",".312","3351"
"Pineda, Michael","501381","2015","26","668","634","21","156","21",23.4,".278",".451",".301","0.752","78","482","12","10","4.37","12",".322","2548"
"Tillman, Chris","501957","2015","27","740","660","20","120","64",16.2,".267",".430",".332","0.762","96","519","11","11","4.99","14",".331","2939"
"Karns, Nate","501992","2015","27","621","553","19","145","56",23.3,".239",".387",".312","0.699","60","441","7","5","3.67","9",".307","2407"
"Archer, Chris","502042","2015","26","868","795","19","252","66",29,".220",".331",".282","0.613","76","636","12","13","3.23","19",".272","3449"
"Gibson, Kyle","502043","2015","27","821","737","18","145","65",17.7,".252",".381",".317","0.698","83","584","11","11","3.84","17",".304","3211"
"Locke, Jeff","502046","2015","27","736","654","15","129","60",17.5,".274",".398",".337","0.735","84","505","8","11","4.49","10",".321","2761"
"Samardzija, Jeff","502188","2015","30","910","836","29","163","49",17.9,".273",".446",".319","0.765","118","642","11","13","4.96","15",".330","3336"
"Leake, Mike","502190","2015","27","778","717","22","119","49",15.3,".243",".393",".293","0.686","79","576","11","10","3.70","19",".296","2734"
"Santiago, Héctor","502327","2015","27","776","687","29","162","71",20.9,".227",".416",".307","0.723","72","542","9","9","3.59","15",".313","3143"
"Anderson, Chase","502624","2015","27","640","581","18","111","40",17.3,".272",".432",".322","0.754","73","458","6","6","4.30","13",".325","2451"
"Salazar, Danny","517593","2015","25","757","690","23","195","53",25.8,".226",".387",".286","0.673","71","555","14","10","3.45","18",".293","3044"
"Bettis, Chad","518452","2015","26","502","448","11","98","42",19.5,".268",".438",".333","0.771","54","345","8","6","4.23","11",".333","1874"
"Bumgarner, Madison","518516","2015","25","869","814","21","234","39",26.9,".222",".349",".263","0.612","71","655","18","9","2.93","22",".266","3299"
"Duffy, Danny","518633","2015","26","588","518","15","102","53",17.3,".264",".405",".340","0.745","62","410","7","8","4.08","8",".328","2347"
"Harvey, Matt","518774","2015","26","754","703","18","188","37",24.9,".222",".344",".265","0.609","57","568","13","8","2.71","21",".266","2780"
"Heston, Chris","518790","2015","27","746","667","16","141","64",18.9,".253",".397",".331","0.728","78","533","12","11","3.95","14",".320","2776"
"Nelson, Jimmy","519076","2015","26","752","663","18","148","65",19.7,".246",".382",".322","0.704","81","532","11","13","4.11","13",".309","2782"
"Porcello, Rick","519144","2015","26","737","682","25","149","38",20.2,".287",".455",".332","0.787","94","516","9","15","4.92","15",".340","2739"
"Sale, Chris","519242","2015","26","854","794","23","274","42",32.1,".233",".368",".282","0.650","79","626","13","11","3.41","23",".285","3317"
"Zimmermann, Jordan","519455","2015","29","831","774","24","164","39",19.7,".264",".394",".305","0.699","82","605","13","10","3.66","22",".304","3091"
"Kelly, Joe","523260","2015","27","587","526","15","110","49",18.7,".276",".428",".341","0.769","72","403","10","6","4.82","9",".335","2378"
"De La Rosa, Rubby","523989","2015","26","809","729","32","150","63",18.5,".265",".457",".325","0.782","98","566","14","9","4.67","14",".336","3003"
"Teheran, Julio","527054","2015","24","843","748","27","171","73",20.3,".253",".412",".325","0.737","90","602","11","8","4.04","20",".322","3261"
"Shoemaker, Matt","533167","2015","28","569","522","24","116","35",20.4,".259",".450",".308","0.758","67","406","7","10","4.46","12",".326","2078"
"Ramírez, Erasmo","541640","2015","25","665","614","16","126","40",18.9,".236",".363",".292","0.655","68","490","11","6","3.75","9",".289","2409"
"Cole, Gerrit","543037","2015","24","832","765","11","202","44",24.3,".239",".336",".287","0.623","60","624","19","8","2.60","25",".274","3232"
"DeSclafani, Anthony","543101","2015","25","785","710","17","151","55",19.2,".273",".414",".328","0.742","83","554","9","13","4.05","17",".321","2881"
"Eovaldi, Nathan","543135","2015","25","673","615","10","121","49",18,".285",".377",".339","0.716","72","463","14","3","4.20","10",".316","2637"
"Gray, Sonny","543243","2015","25","831","765","17","169","59",20.3,".217",".316",".273","0.589","63","624","14","7","2.73","22",".262","3077"
"Hendricks, Kyle","543294","2015","25","739","681","17","167","43",22.6,".244",".380",".296","0.676","79","540","8","7","3.95","11",".296","2789"
"Koehler, Tom","543408","2015","29","800","706","22","137","77",17.1,".255",".408",".331","0.739","85","562","11","14","4.08","18",".323","2964"
"McHugh, Collin","543521","2015","28","859","788","19","171","53",19.9,".263",".390",".315","0.705","88","611","19","7","3.89","21",".308","3230"
"Milone, Tommy","543548","2015","28","543","493","17","91","36",16.8,".260",".424",".307","0.731","56","386","9","5","3.92","10",".315","2064"
"Odorizzi, Jake","543606","2015","25","700","644","18","150","46",21.4,".231",".396",".284","0.680","63","508","9","9","3.35","17",".295","2754"
"Rusin, Chris","543734","2015","28","594","548","19","86","41",14.5,".310",".505",".361","0.866","78","395","6","10","5.33","13",".371","2129"
"Strasburg, Stephen","544931","2015","26","523","488","14","155","26",29.6,".236",".375",".278","0.653","49","382","11","7","3.46","11",".285","2042"
"Bauer, Trevor","545333","2015","24","744","655","23","170","79",22.8,".232",".394",".319","0.713","89","528","11","12","4.55","18",".314","2864"
"Lorenzen, Michael","547179","2015","23","515","449","18","83","57",16.1,".292",".503",".378","0.881","68","340","4","9","5.40","7",".377","1969"
"Iwakuma, Hisashi","547874","2015","34","516","487","18","111","21",21.5,".240",".402",".271","0.673","51","389","9","5","3.54","12",".290","1861"
"Tanaka, Masahiro","547888","2015","26","608","571","25","139","27",22.9,".221",".420",".254","0.674","60","462","12","7","3.51","17",".287","2289"
"Pérez, Williams","554234","2015","24","514","446","13","73","51",14.2,".291",".437",".372","0.809","62","350","7","6","4.78","9",".353","1863"
"Ventura, Yordano","570649","2015","24","693","621","14","156","58",22.5,".248",".378",".319","0.697","74","490","13","8","4.08","13",".307","2649"
"Fiers, Mike","571666","2015","30","761","680","24","180","64",23.7,".238",".407",".306","0.713","74","541","7","10","3.69","15",".308","3020"
"Hutchison, Drew","571800","2015","24","664","603","22","129","44",19.4,".297",".473",".352","0.825","93","451","13","5","5.57","9",".357","2505"
"Miller, Shelby","571946","2015","24","860","769","13","171","73",19.9,".238",".355",".308","0.663","69","616","6","17","3.02","21",".290","3217"
"Richards, Garrett","572070","2015","27","865","768","20","176","76",20.3,".236",".359",".305","0.664","84","622","15","12","3.65","24",".293","3242"
"Keuchel, Dallas","572971","2015","27","911","854","17","216","51",23.7,".217",".314",".262","0.576","64","696","20","8","2.48","27",".254","3486"
"Ray, Robbie","592662","2015","23","545","475","9","119","49",21.8,".255",".400",".331","0.731","50","383","5","12","3.52","10",".318","2250"
"Syndergaard, Noah","592789","2015","22","603","561","19","166","31",27.5,".225",".378",".268","0.646","54","450","9","7","3.24","14",".279","2372"
"Walker, Taijuan","592836","2015","22","705","648","25","157","39",22.3,".252",".415",".301","0.716","86","509","11","8","4.56","17",".311","2625"
"Martinez, Carlos","593372","2015","23","755","671","13","184","63",24.4,".250",".367",".320","0.687","60","539","14","7","3.01","20",".302","2823"
"Rodriguez, Eduardo","593958","2015","22","521","471","13","98","37",18.8,".255",".389",".312","0.701","52","365","10","6","3.85","13",".306","2005"
"deGrom, Jacob","594798","2015","27","751","694","16","205","38",27.3,".215",".318",".255","0.573","54","573","14","8","2.54","23",".251","2967"
"Rodón, Carlos","607074","2015","22","607","517","11","139","71",22.9,".251",".377",".348","0.725","58","418","9","6","3.75","16",".323","2441"
"Martinez, Nick","607259","2015","24","558","493","16","77","46",13.8,".274",".450",".348","0.798","55","375","7","7","3.96","13",".346","2113"
"Wacha, Michael","608379","2015","23","762","687","19","153","58",20.1,".236",".373",".300","0.673","68","544","17","7","3.38","19",".294","2919"
"Graveman, Kendall","608665","2015","24","502","456","15","77","38",15.3,".276",".423",".337","0.760","52","347","6","9","4.05","10",".333","1897"
"Chen, Wei-Yin","612672","2015","29","792","733","28","153","41",19.3,".262",".456",".302","0.758","71","574","11","8","3.34","20",".325","3009"
"McCullers Jr., Lance","621121","2015","21","520","469","10","129","43",24.8,".226",".362",".296","0.658","45","377","6","7","3.22","12",".289","2099"
"Wood, Alex","622072","2015","24","801","720","15","139","59",17.4,".275",".392",".332","0.724","81","569","12","12","3.84","17",".316","2895"
"Despaigne, Odrisamer","628333","2015","28","548","495","17","69","33",12.6,".287",".463",".341","0.804","81","377","5","9","5.80","8",".346","1910"
"Colon, Bartolo","112526","2016","43","791","745","24","128","32",16.2,".268",".430",".300","0.730","73","575","15","8","3.43","19",".311","2843"
"Sabathia, CC","282332","2016","35","768","687","22","152","65",19.8,".250",".390",".322","0.712","78","539","9","12","3.91","16",".312","2908"
"Dickey, R.A.","285079","2016","41","728","655","28","126","63",17.3,".258",".461",".327","0.788","84","509","10","15","4.46","13",".338","2662"
"Lackey, John","407793","2016","37","748","670","23","180","53",24.1,".218",".364",".281","0.645","70","565","11","8","3.35","20",".280","2833"
"De La Rosa, Jorge","407822","2016","35","614","536","23","108","63",17.6,".293",".487",".374","0.861","82","402","8","9","5.51","10",".369","2333"
"Peavy, Jake","408241","2016","35","520","476","18","102","36",19.6,".282",".504",".333","0.837","73","356","5","9","5.54","8",".354","2015"
"Wainwright, Adam","425794","2016","34","847","766","22","161","59",19,".287",".446",".338","0.784","102","596","13","9","4.62","18",".335","3168"
"Greinke, Zack","425844","2016","32","667","615","23","134","41",20.1,".262",".444",".306","0.750","77","476","13","7","4.37","16",".319","2493"
"Santana, Ervin","429722","2016","33","748","685","19","149","53",19.9,".245",".381",".301","0.682","68","544","7","11","3.38","17",".296","2929"
"Hamels, Cole","430935","2016","32","848","760","24","200","77",23.6,".243",".380",".319","0.699","74","602","15","5","3.32","22",".307","3248"
"Kazmir, Scott","431148","2016","32","590","526","21","134","52",22.7,".253",".435",".327","0.762","69","409","10","6","4.56","9",".327","2379"
"Hernández, Félix","433587","2016","30","655","577","19","122","65",18.6,".239",".392",".327","0.719","65","460","11","8","3.82","13",".316","2453"
"Verlander, Justin","434378","2016","33","903","827","30","254","57",28.1,".207",".368",".263","0.631","77","683","16","9","3.04","27",".272","3663"
"Liriano, Francisco","434538","2016","32","731","624","26","168","85",23,".252",".426",".347","0.773","85","489","8","13","4.69","13",".336","2792"
"Jiménez, Ubaldo","434622","2016","32","637","560","16","125","72",19.6,".268",".418",".354","0.772","86","427","8","12","5.44","9",".337","2487"
"Hammel, Jason","434628","2016","33","692","620","25","144","53",20.8,".239",".423",".307","0.730","71","500","15","10","3.83","16",".315","2623"
"Sánchez, Aníbal","434671","2016","32","668","600","30","135","53",20.2,".285",".483",".345","0.828","100","460","7","13","5.87","6",".353","2573"
"Nolasco, Ricky","445060","2016","33","817","756","26","144","44",17.6,".267",".435",".308","0.743","97","593","8","14","4.42","16",".318","3126"
"Kluber, Corey","446372","2016","30","860","788","22","227","57",26.4,".216",".357",".274","0.631","75","645","18","9","3.14","22",".275","3183"
"Shields, James","448306","2016","34","821","723","40","135","82",16.4,".288",".527",".364","0.891","118","545","6","19","5.85","18",".377","3119"
"García, Jaime","448802","2016","29","741","668","26","150","57",20.2,".268",".448",".331","0.779","89","515","10","13","4.67","10",".334","2559"
"Volquez, Edinson","450172","2016","32","853","758","23","139","76",16.3,".286",".439",".354","0.793","113","568","10","11","5.37","14",".343","3228"
"Weaver, Jered","450308","2016","33","766","704","37","103","51",13.4,".297",".517",".345","0.862","100","534","12","12","5.06","13",".365","2805"
"Fister, Doug","450729","2016","32","778","706","24","115","62",14.8,".276",".449",".339","0.788","93","541","12","13","4.64","16",".340","2994"
"Gallardo, Yovani","451596","2016","30","525","456","16","85","61",16.2,".276",".454",".359","0.813","71","354","6","8","5.42","8",".349","2099"
"Lester, Jon","452657","2016","32","796","730","21","197","52",24.7,".211",".334",".268","0.602","55","608","19","5","2.44","26",".264","3157"
"Kennedy, Ian","453178","2016","31","818","733","33","184","66",22.5,".236",".413",".308","0.721","80","587","11","11","3.68","15",".312","3377"
"Wright, Steven","453214","2016","31","656","587","12","127","57",19.4,".235",".342",".310","0.652","58","470","13","6","3.33","15",".289","2494"
"Scherzer, Max","453286","2016","31","902","830","31","284","56",31.5,".199",".365",".254","0.619","75","685","20","7","2.96","26",".267","3554"
"Buchholz, Clay","453329","2016","31","588","520","21","93","55",15.8,".250",".417",".324","0.741","74","418","8","10","4.78","9",".321","2225"
"Arrieta, Jake","453562","2016","30","795","710","16","190","76",23.9,".194",".306",".277","0.583","68","592","18","8","3.10","17",".261","3117"
"Price, David","456034","2016","30","951","879","30","228","50",24,".258",".420",".301","0.721","102","690","17","9","3.99","22",".309","3588"
"González, Miguel","456068","2016","32","566","519","11","95","35",16.8,".254",".380",".306","0.686","56","405","5","8","3.73","15",".298","2094"
"Griffin, A.J.","456167","2016","28","509","453","28","107","46",21,".256",".501",".332","0.833","67","357","7","4","5.07","6",".353","2057"
"Cueto, Johnny","456501","2016","30","881","818","15","198","45",22.5,".238",".350",".284","0.634","68","659","18","5","2.79","22",".276","3290"
"Happ, J.A.","457918","2016","33","796","726","22","163","60",20.5,".231",".371",".295","0.666","69","585","20","4","3.18","21",".291","3032"
"Tomlin, Josh","458708","2016","31","725","694","36","118","20",16.3,".269",".487",".291","0.778","85","522","13","9","4.40","17",".327","2606"
"Pelfrey, Mike","460059","2016","32","541","482","15","56","46",10.4,".332",".483",".393","0.876","67","357","4","10","5.07","5",".378","2015"
"Gonzalez, Gio","461829","2016","30","765","684","19","171","59",22.4,".262",".404",".326","0.730","90","532","11","11","4.57","16",".317","3108"
"Estrada, Marco","462136","2016","32","723","651","23","165","65",22.8,".203",".361",".278","0.639","68","528","9","9","3.48","18",".279","2835"
"Nova, Iván","467100","2016","29","684","636","23","127","28",18.6,".275",".465",".312","0.777","75","486","12","8","4.17","10",".330","2306"
"Chacín, Jhoulys","468504","2016","28","632","562","14","119","55",18.8,".272",".406",".339","0.745","77","432","6","8","4.81","7",".322","2375"
"Carrasco, Carlos","471911","2016","29","599","558","21","150","34",25,".240",".425",".286","0.711","54","439","11","8","3.32","14",".303","2238"
"Hellickson, Jeremy","476451","2016","29","772","711","24","154","45",19.9,".243",".418",".292","0.710","78","567","12","10","3.71","17",".304","2923"
"Niese, Jonathon","477003","2016","29","546","489","25","88","47",16.1,".297",".524",".360","0.884","74","363","8","7","5.50","7",".374","2002"
"Kershaw, Clayton","477132","2016","28","544","526","8","172","11",31.6,".184",".268",".204","0.472","28","447","12","4","1.69","17",".204","2058"
"Cashner, Andrew","488768","2016","29","587","509","19","112","60",19.1,".279",".489",".360","0.849","77","396","5","11","5.25","10",".361","2358"
"Miley, Wade","489119","2016","29","711","649","25","137","49",19.3,".288",".467",".341","0.808","99","498","9","13","5.37","12",".346","2729"
"Quintana, Jose","500779","2016","27","837","779","22","181","50",21.6,".246",".393",".295","0.688","74","624","13","12","3.20","23",".297","3277"
"Pineda, Michael","501381","2016","27","755","693","27","207","53",27.4,".266",".462",".322","0.784","94","527","6","12","4.82","11",".335","3013"
"Tillman, Chris","501957","2016","28","715","636","19","140","66",19.6,".244",".412",".320","0.732","72","516","16","6","3.77","16",".317","2930"
"Archer, Chris","502042","2016","27","850","769","30","233","67",27.4,".238",".403",".300","0.703","90","604","9","19","4.02","19",".304","3408"
"Gibson, Kyle","502043","2016","28","653","587","20","104","55",15.9,".298",".460",".360","0.820","83","442","6","11","5.07","8",".352","2456"
"Locke, Jeff","502046","2016","28","563","506","17","73","44",13,".298",".484",".357","0.841","77","382","9","8","5.44","9",".358","2077"
"Samardzija, Jeff","502188","2016","31","829","764","24","167","54",20.1,".249",".412",".298","0.710","86","610","12","11","3.81","17",".303","3166"
"Leake, Mike","502190","2016","28","757","705","20","125","30",16.5,".288",".437",".319","0.756","92","530","9","12","4.69","16",".323","2654"
"Santiago, Héctor","502327","2016","28","785","690","33","144","79",18.3,".245",".449",".324","0.773","95","546","13","10","4.70","13",".332","3172"
"Anderson, Chase","502624","2016","28","647","583","28","120","53",18.5,".266",".489",".330","0.819","74","455","9","11","4.39","6",".348","2632"
"Peralta, Wily","503449","2016","27","554","498","19","93","43",16.8,".305",".494",".361","0.855","69","383","7","11","4.86","9",".365","2128"
"Nicasio, Juan","504379","2016","29","513","449","15","138","45",26.9,".261",".441",".333","0.774","59","354","10","7","4.50","4",".330","2153"
"Salazar, Danny","517593","2016","26","584","515","16","161","63",27.6,".235",".379",".318","0.697","59","412","11","6","3.87","10",".304","2370"
"Bettis, Chad","518452","2016","27","814","735","22","138","59",17,".278",".439",".336","0.775","99","558","14","8","4.79","17",".332","3041"
"Bumgarner, Madison","518516","2016","26","912","841","26","251","54",27.5,".213",".354",".265","0.619","69","680","15","9","2.74","25",".269","3551"
"Duffy, Danny","518633","2016","27","731","676","27","188","42",25.7,".241",".419",".292","0.711","70","539","12","3","3.51","16",".305","2694"
"Gee, Dillon","518716","2016","30","551","502","24","89","37",16.2,".291",".470",".345","0.815","65","375","8","9","4.68","4",".348","2035"
"Moore, Matt","519043","2016","27","838","752","25","178","72",21.2,".245",".380",".314","0.694","90","595","13","12","4.08","18",".304","3279"
"Nelson, Jimmy","519076","2016","27","807","693","25","140","86",17.3,".268",".430",".361","0.791","92","538","8","16","4.62","13",".345","2968"
"Pomeranz, Drew","519141","2016","27","703","631","22","186","65",26.5,".217",".368",".290","0.658","63","512","11","12","3.32","16",".286","2829"
"Porcello, Rick","519144","2016","27","890","840","23","189","32",21.2,".230",".367",".268","0.635","78","669","22","4","3.15","26",".274","3394"
"Sale, Chris","519242","2016","27","907","837","27","233","45",25.7,".227",".372",".279","0.651","84","680","17","10","3.34","23",".282","3356"
"Pérez, Martín","527048","2016","25","855","758","18","103","76",12,".270",".404",".337","0.741","97","596","10","11","4.39","19",".323","3076"
"Teheran, Julio","527054","2016","25","758","703","22","167","41",22,".223",".376",".275","0.651","67","564","7","10","3.21","16",".281","2966"
"Shoemaker, Matt","533167","2016","29","668","624","18","143","30",21.4,".266",".418",".305","0.723","69","480","9","13","3.88","16",".310","2467"
"Andriese, Matt","542882","2016","26","527","494","17","109","25",20.7,".265",".421",".298","0.719","62","383","8","8","4.37","6",".307","1978"
"Chatwood, Tyler","543022","2016","26","669","589","15","117","70",17.5,".250",".390",".333","0.723","68","474","12","9","3.87","14",".316","2539"
"Cole, Gerrit","543037","2016","25","506","454","7","98","36",19.4,".289",".410",".345","0.755","50","348","7","10","3.88","11",".326","1926"
"Conley, Adam","543045","2016","26","583","500","13","124","62",21.3,".250",".394",".344","0.738","57","400","8","6","3.85","9",".321","2242"
"DeSclafani, Anthony","543101","2016","26","507","463","16","105","30",20.7,".259",".415",".308","0.723","45","370","9","5","3.28","14",".310","1939"
"Eovaldi, Nathan","543135","2016","26","525","482","23","97","40",18.5,".255",".465",".313","0.778","66","374","9","8","4.76","8",".331","2052"
"Friedrich, Christian","543184","2016","28","567","505","13","100","52",17.6,".259",".404",".328","0.732","69","388","5","12","4.80","8",".317","2129"
"Gray, Sonny","543243","2016","26","516","465","18","94","42",18.2,".286",".475",".343","0.818","74","351","5","11","5.69","10",".349","1947"
"Hendricks, Kyle","543294","2016","26","745","686","15","170","44",22.8,".207",".319",".262","0.581","45","570","16","8","2.13","20",".254","2870"
"Koehler, Tom","543408","2016","30","774","675","22","147","83",19,".261",".421",".344","0.765","85","530","9","13","4.33","16",".330","3059"
"McHugh, Collin","543521","2016","29","795","730","25","177","54",22.3,".282",".456",".334","0.790","89","554","13","10","4.34","16",".338","3148"
"Odorizzi, Jake","543606","2016","26","773","706","29","166","54",21.5,".241",".419",".296","0.715","77","563","10","6","3.69","17",".306","3298"
"Roark, Tanner","543699","2016","29","855","758","17","172","73",20.1,".228",".327",".307","0.634","66","630","16","10","2.83","22",".282","3342"
"Strasburg, Stephen","544931","2016","27","598","546","15","183","44",30.6,".218",".359",".278","0.637","59","443","15","4","3.60","15",".277","2379"
"Bauer, Trevor","545333","2016","25","811","721","20","168","70",20.7,".248",".393",".320","0.713","90","570","12","8","4.26","16",".310","3085"
"Iwakuma, Hisashi","547874","2016","35","836","772","28","147","46",17.6,".282",".452",".324","0.776","91","597","16","12","4.12","19",".331","2968"
"Tanaka, Masahiro","547888","2016","27","805","759","22","165","36",20.5,".236",".373",".272","0.645","68","599","14","4","3.07","19",".278","2935"
"Ventura, Yordano","570649","2016","25","816","723","23","144","78",17.6,".263",".415",".339","0.754","92","558","11","12","4.45","16",".329","3047"
"Corbin, Patrick","571578","2016","26","701","619","24","131","66",18.7,".286",".468",".357","0.825","89","467","5","13","5.15","8",".354","2532"
"Fiers, Mike","571666","2016","31","724","667","26","134","42",18.5,".280",".474",".327","0.801","84","506","11","8","4.48","14",".342","2770"
"Matz, Steven","571927","2016","25","547","502","14","129","31",23.6,".257",".382",".306","0.688","50","397","9","8","3.40","14",".299","2145"
"Paxton, James","572020","2016","27","511","480","9","117","24",22.9,".279",".406",".311","0.717","51","363","6","7","3.79","10",".306","1940"
"Keuchel, Dallas","572971","2016","28","701","648","20","144","48",20.5,".259",".424",".312","0.736","85","504","9","12","4.55","16",".317","2659"
"Straily, Dan","573185","2016","27","792","699","31","162","73",20.5,".220",".409",".303","0.712","80","574","14","8","3.76","20",".307","3035"
"Stroman, Marcus","573186","2016","25","854","792","21","166","54",19.4,".264",".407",".313","0.720","99","612","9","10","4.37","18",".312","3102"
"Foltynewicz, Mike","592314","2016","24","525","475","18","111","35",21.1,".263",".442",".319","0.761","59","370","9","5","4.31","9",".325","2112"
"Gausman, Kevin","592332","2016","25","757","698","28","174","47",23,".262",".430",".312","0.742","72","539","9","12","3.61","18",".319","3112"
"Gray, Jon","592351","2016","24","711","630","18","185","59",26,".243",".386",".317","0.703","86","504","10","10","4.61","16",".307","2787"
"Ray, Robbie","592662","2016","24","776","694","24","218","71",28.1,".267",".431",".339","0.770","95","523","8","15","4.90","10",".332","3164"
"Sanchez, Aaron","592717","2016","23","790","719","15","161","63",20.4,".224",".335",".290","0.625","64","576","15","2","3.00","23",".277","2919"
"Smyly, Drew","592767","2016","27","738","671","32","167","49",22.6,".259",".456",".307","0.763","95","526","7","12","4.88","13",".323","2889"
"Syndergaard, Noah","592789","2016","23","744","692","11","218","43",29.3,".243",".351",".287","0.638","53","551","14","9","2.60","20",".277","2924"
"Velasquez, Vince","592826","2016","24","551","491","21","152","45",27.6,".263",".442",".323","0.765","60","393","8","6","4.12","9",".328","2208"
"Walker, Taijuan","592836","2016","23","573","522","27","119","37",20.8,".247",".462",".305","0.767","63","403","8","11","4.22","9",".326","2302"
"Martinez, Carlos","593372","2016","24","809","724","15","174","70",21.5,".233",".333",".310","0.643","66","586","16","9","3.04","20",".286","3022"
"deGrom, Jacob","594798","2016","28","604","557","15","143","36",23.7,".255",".382",".302","0.684","50","444","7","8","3.04","16",".298","2353"
"Eickhoff, Jerad","595191","2016","25","811","745","30","167","42",20.6,".251",".446",".294","0.740","80","592","11","14","3.65","20",".313","3017"
"Bradley, Archie","605151","2016","23","638","558","16","143","67",22.4,".276",".448",".354","0.802","79","425","8","9","5.02","11",".341","2534"
"Davies, Zach","605200","2016","23","682","631","20","135","38",19.8,".263",".418",".309","0.727","72","490","11","7","3.97","15",".313","2587"
"Fernández, José","605228","2016","23","737","664","13","253","55",34.3,".224",".336",".288","0.624","58","547","16","8","2.86","19",".271","2911"
"Finnegan, Brandon","605232","2016","23","734","636","29","145","84",19.8,".236",".421",".326","0.747","76","516","10","11","3.98","15",".324","2879"
"Fulmer, Michael","605242","2016","23","647","590","16","132","42",20.4,".231",".361",".291","0.652","54","477","11","7","3.06","15",".285","2468"
"Morgan, Adam","605388","2016","26","507","466","23","95","29",18.7,".303",".534",".346","0.880","76","340","2","11","6.04","8",".369","1937"
"Wisler, Matt","605538","2016","23","671","613","26","115","49",17.1,".259",".439",".317","0.756","87","470","7","13","5.00","15",".323","2427"
"Perdomo, Luis","606131","2016","23","661","604","23","105","46",15.9,".310",".483",".363","0.846","93","440","9","10","5.71","10",".360","2336"
"Rodón, Carlos","607074","2016","23","714","644","23","168","54",23.5,".273",".430",".332","0.762","74","495","9","10","4.04","17",".328","2789"
"Wacha, Michael","608379","2016","24","606","551","15","114","45",18.8,".289",".459",".341","0.800","78","414","7","7","5.09","13",".339","2302"
"Duffey, Tyler","608648","2016","25","596","554","25","114","32",19.1,".301",".531",".345","0.876","95","399","9","12","6.43","8",".369","2273"
"Graveman, Kendall","608665","2016","25","785","723","22","108","47",13.8,".271",".415",".319","0.734","85","558","10","11","4.11","16",".316","2821"
"Chen, Wei-Yin","612672","2016","30","520","486","22","100","24",19.2,".276",".477",".311","0.788","68","370","5","5","4.96","9",".335","1916"
"Maeda, Kenta","628317","2016","28","716","655","20","179","50",25,".229",".359",".291","0.650","68","527","16","11","3.48","14",".281","2904"
"Manaea, Sean","640455","2016","24","594","545","20","124","37",20.9,".248",".415",".298","0.713","62","434","7","9","3.86","12",".306","2167"
"Colon, Bartolo","112526","2017","44","648","603","28","89","35",13.7,".318",".554",".355","0.909","103","429","7","14","6.48","8",".381","2280"
"Sabathia, CC","282332","2017","36","623","566","21","120","50",19.3,".246",".403",".312","0.715","61","446","14","5","3.69","12",".309","2336"
"Dickey, R.A.","285079","2017","42","815","726","26","136","67",16.7,".266",".450",".334","0.784","90","570","10","10","4.26","18",".334","2817"
"Lackey, John","407793","2017","38","731","654","36","149","53",20.4,".252",".469",".316","0.785","87","512","12","12","4.59","12",".331","2754"
"Wainwright, Adam","425794","2017","35","546","490","14","96","45",17.6,".286",".443",".351","0.794","70","370","12","5","5.11","8",".340","2126"
"Greinke, Zack","425844","2017","33","801","749","25","215","45",26.8,".230",".387",".272","0.659","72","607","17","7","3.20","19",".282","3134"
"Santana, Ervin","429722","2017","34","863","786","31","167","61",19.4,".225",".392",".286","0.678","77","634","16","8","3.28","20",".291","3231"
"Cain, Matt","430912","2017","32","567","507","18","75","49",13.2,".310",".477",".369","0.846","75","373","3","11","5.43","6",".358","2061"
"Hamels, Cole","430935","2017","33","614","548","18","105","53",17.1,".228",".385",".308","0.693","69","444","11","6","4.20","14",".301","2311"
"Verlander, Justin","434378","2017","34","849","768","27","219","72",25.8,".221",".370",".290","0.660","77","618","15","8","3.36","23",".285","3531"
"Jiménez, Ubaldo","434622","2017","33","648","580","33","139","58",21.5,".291",".543",".359","0.902","108","428","6","11","6.81","5",".379","2581"
"Hammel, Jason","434628","2017","34","804","737","26","145","48",18,".284",".442",".331","0.773","106","541","8","13","5.29","14",".329","3008"
"Nolasco, Ricky","445060","2017","34","786","716","35","143","58",18.2,".286",".508",".341","0.849","99","543","6","15","4.92","12",".357","3087"
"Chavez, Jesse","445926","2017","33","586","537","28","119","45",20.3,".276",".493",".333","0.826","82","414","7","11","5.35","7",".348","2306"
"Kluber, Corey","446372","2017","31","777","732","21","265","36",34.1,".193",".321",".235","0.556","51","611","18","4","2.25","22",".240","2934"
"Hill, Rich","448179","2017","37","552","488","18","166","49",30.1,".203",".352",".286","0.638","50","407","12","8","3.32","9",".280","2222"
"Shields, James","448306","2017","35","516","459","27","103","53",20,".253",".490",".334","0.824","68","351","5","7","5.23","7",".348","1918"
"García, Jaime","448802","2017","30","673","602","18","129","64",19.2,".261",".429",".331","0.760","77","471","5","10","4.41","11",".324","2422"
"Morton, Charlie","450203","2017","33","617","549","14","163","50",26.4,".228",".386",".306","0.692","59","440","14","7","3.62","10",".301","2377"
"Vargas, Jason","450306","2017","34","756","685","27","134","58",17.7,".264",".442",".324","0.766","83","539","18","11","4.16","16",".326","2919"
"Gallardo, Yovani","451596","2017","31","578","509","24","94","60",16.3,".271",".472",".348","0.820","83","392","5","10","5.72","5",".349","2283"
"Lester, Jon","452657","2017","33","763","691","26","180","60",23.6,".259",".430",".320","0.750","87","542","13","8","4.33","18",".320","3123"
"Kennedy, Ian","453178","2017","32","655","582","34","131","61",20,".246",".485",".320","0.805","92","462","5","13","5.38","10",".338","2636"
"Scherzer, Max","453286","2017","32","779","709","22","268","54",34.4,".178",".319",".246","0.565","56","602","16","6","2.51","22",".247","3099"
"Richard, Clayton","453385","2017","33","858","780","24","151","59",17.6,".308",".482",".360","0.842","105","592","8","15","4.79","14",".357","3012"
"Arrieta, Jake","453562","2017","31","707","637","23","163","55",23.1,".235",".411",".305","0.716","66","505","14","10","3.53","16",".306","2726"
"González, Miguel","456068","2017","33","684","616","22","100","55",14.6,".271",".458",".334","0.792","80","468","8","13","4.62","15",".337","2526"
"Cueto, Johnny","456501","2017","31","648","577","22","136","53",21,".277",".470",".345","0.815","74","442","8","8","4.52","12",".347","2513"
"Happ, J.A.","457918","2017","34","626","575","18","142","46",22.7,".252",".395",".306","0.701","57","436","10","11","3.53","14",".301","2484"
"Lynn, Lance","458681","2017","30","776","676","27","153","78",19.7,".223",".395",".312","0.707","71","559","11","8","3.43","18",".305","3144"
"Tomlin, Josh","458708","2017","32","585","564","23","109","14",18.6,".294",".493",".315","0.808","78","423","10","9","4.98","9",".340","2078"
"Pelfrey, Mike","460059","2017","33","546","471","25","79","62",14.5,".270",".488",".364","0.852","79","360","3","12","5.93","2",".362","2286"
"Gonzalez, Gio","461829","2017","31","827","731","21","188","79",22.7,".216",".345",".298","0.643","66","603","15","9","2.96","22",".281","3357"
"Estrada, Marco","462136","2017","33","806","726","31","176","71",21.8,".256",".463",".322","0.785","103","558","10","9","4.98","17",".333","3242"
"Nova, Iván","467100","2017","30","785","732","29","131","36",16.7,".277",".464",".316","0.780","86","561","11","14","4.14","17",".330","2574"
"Chacín, Jhoulys","468504","2017","29","765","667","19","153","72",20,".235",".373",".320","0.693","78","541","13","10","3.89","16",".302","2905"
"Carrasco, Carlos","471911","2017","30","798","735","21","226","46",28.3,".235",".386",".287","0.673","73","600","18","6","3.29","19",".289","3038"
"Hellickson, Jeremy","476451","2017","30","695","628","35","96","47",13.8,".255",".497",".312","0.809","99","492","8","11","5.43","13",".338","2605"
"Kershaw, Clayton","477132","2017","29","678","641","23","202","30",29.8,".212",".357",".246","0.603","45","525","18","4","2.31","20",".258","2447"
"Cashner, Andrew","488768","2017","30","704","624","15","86","64",12.2,".250",".365",".326","0.691","63","500","11","11","3.40","18",".304","2631"
"Miley, Wade","489119","2017","30","728","624","25","142","93",19.5,".287",".462",".380","0.842","98","472","8","15","5.61","8",".362","3052"
"Garza, Matt","490063","2017","33","504","448","17","79","45",15.7,".270",".458",".336","0.794","63","344","6","9","4.94","6",".336","1910"
"Ramírez, JC","500724","2017","28","620","558","21","105","49",16.9,".267",".430",".331","0.761","68","442","11","10","4.15","11",".327","2293"
"Quintana, Jose","500779","2017","28","790","715","23","207","61",26.2,".238",".396",".305","0.701","87","566","11","11","4.15","18",".301","3168"
"Archer, Chris","502042","2017","28","852","784","27","249","60",29.2,".246",".407",".303","0.710","91","603","10","12","4.07","20",".306","3394"
"Gibson, Kyle","502043","2017","29","693","624","24","121","60",17.5,".292",".468",".358","0.826","89","474","12","10","5.07","10",".355","2609"
"Cobb, Alex","502171","2017","29","742","689","22","128","44",17.3,".254",".405",".304","0.709","73","538","12","10","3.66","15",".304","2845"
"Samardzija, Jeff","502188","2017","32","847","801","30","205","32",24.2,".255",".447",".287","0.734","102","623","9","15","4.42","20",".309","3262"
"Leake, Mike","502190","2017","29","782","724","20","130","37",16.6,".278",".424",".318","0.742","81","558","10","13","3.92","18",".316","2721"
"Anderson, Chase","502624","2017","29","569","514","14","133","41",23.4,".220",".362",".285","0.647","43","424","12","4","2.74","13",".281","2251"
"Holland, Derek","502706","2017","30","626","538","31","104","75",16.6,".290",".535",".383","0.918","93","405","7","14","6.20","12",".388","2458"
"Peacock, Brad","502748","2017","29","546","485","10","161","57",29.5,".206",".322",".294","0.616","44","396","13","2","3.00","8",".274","2246"
"Darvish, Yu","506433","2017","30","766","697","27","209","58",27.3,".228",".397",".292","0.689","80","560","10","12","3.86","19",".296","3039"
"Duffy, Danny","518633","2017","28","609","556","13","130","41",21.3,".257",".397",".312","0.709","62","439","9","10","3.81","13",".306","2272"
"Moore, Matt","519043","2017","28","790","706","27","148","67",18.7,".283",".486",".349","0.835","107","523","6","15","5.52","14",".354","2871"
"Nelson, Jimmy","519076","2017","28","728","665","16","199","48",27.3,".257",".374",".315","0.689","68","526","12","6","3.49","17",".301","2750"
"Pomeranz, Drew","519141","2017","28","739","659","19","174","68",23.5,".252",".388",".323","0.711","64","521","17","6","3.32","17",".310","3042"
"Porcello, Rick","519144","2017","28","885","824","38","181","48",20.5,".286",".498",".328","0.826","105","610","11","17","4.65","19",".348","3368"
"Sale, Chris","519242","2017","28","851","794","24","308","43",36.2,".208",".349",".254","0.603","69","643","17","8","2.90","23",".260","3423"
"Zimmermann, Jordan","519455","2017","31","713","651","29","103","44",14.4,".313",".528",".359","0.887","108","480","8","13","6.08","11",".372","2640"
"Pérez, Martín","527048","2017","26","811","735","23","115","63",14.2,".301",".453",".359","0.812","99","555","13","12","4.82","16",".349","3088"
"Teheran, Julio","527054","2017","26","812","723","31","151","72",18.6,".257",".443",".329","0.772","94","565","11","13","4.49","20",".330","3062"
"Adleman, Tim","534947","2017","29","531","469","29","108","51",20.3,".264",".531",".342","0.873","75","367","5","11","5.52","7",".365","2078"
"Ramírez, Erasmo","541640","2017","27","539","497","22","109","31",20.2,".247",".443",".291","0.734","64","394","5","6","4.39","8",".308","1989"
"Chatwood, Tyler","543022","2017","27","631","543","20","120","77",19,".250",".442",".346","0.788","77","443","8","15","4.69","9",".338","2454"
"Cole, Gerrit","543037","2017","26","849","784","31","196","55",23.1,".254",".434",".306","0.740","96","609","12","12","4.26","20",".315","3276"
"Gray, Sonny","543243","2017","27","678","615","19","153","57",22.6,".226",".374",".294","0.668","64","487","10","12","3.55","17",".290","2661"
"Hendricks, Kyle","543294","2017","27","570","521","17","123","40",21.6,".242",".372",".298","0.670","47","419","7","5","3.03","14",".291","2265"
"Montgomery, Mike","543557","2017","27","540","470","10","100","55",18.5,".219",".321",".310","0.631","49","392","7","8","3.38","6",".280","2074"
"Odorizzi, Jake","543606","2017","27","603","531","30","127","61",21.1,".220",".437",".300","0.737","66","430","10","8","4.14","11",".313","2619"
"Roark, Tanner","543699","2017","30","776","701","23","166","64",21.4,".254",".408",".321","0.729","94","544","13","11","4.67","17",".313","3211"
"Strasburg, Stephen","544931","2017","28","701","641","13","204","47",29.1,".204",".317",".265","0.582","49","526","15","4","2.52","20",".252","2667"
"Bauer, Trevor","545333","2017","26","749","680","25","196","60",26.2,".266",".446",".329","0.775","82","529","17","9","4.19","15",".332","3145"
"Tanaka, Masahiro","547888","2017","28","751","700","35","194","41",25.8,".257",".467",".304","0.771","94","535","13","12","4.74","17",".326","2805"
"Ryu, Hyun Jin","547943","2017","30","541","487","22","116","45",21.4,".263",".462",".330","0.792","53","380","5","9","3.77","6",".336","2110"
"Ureña, José","570632","2017","25","724","638","26","113","64",15.6,".238",".415",".320","0.735","72","509","14","7","3.82","12",".316","2876"
"Boyd, Matthew","571510","2017","26","605","540","18","110","53",18.2,".291",".472",".354","0.826","79","405","6","11","5.27","10",".350","2339"
"Corbin, Patrick","571578","2017","27","826","753","26","178","61",21.5,".276",".461",".331","0.792","85","569","14","13","4.03","19",".333","3073"
"Fiers, Mike","571666","2017","32","670","591","32","146","62",21.8,".266",".479",".348","0.827","89","460","8","10","5.22","10",".354","2628"
"Paxton, James","572020","2017","28","552","506","9","156","37",28.3,".223",".324",".278","0.602","45","408","12","5","2.98","14",".263","2261"
"Keuchel, Dallas","572971","2017","29","583","533","15","125","47",21.4,".218",".336",".284","0.620","47","437","14","5","2.90","16",".273","2188"
"Straily, Dan","573185","2017","28","769","687","31","170","60",22.1,".256",".466",".318","0.784","86","545","10","9","4.26","12",".330","3049"
"Stroman, Marcus","573186","2017","26","834","762","21","164","62",19.7,".264",".392",".323","0.715","69","603","13","9","3.09","20",".310","3130"
"Foltynewicz, Mike","592314","2017","25","692","610","20","143","59",20.7,".277",".446",".349","0.795","82","462","10","13","4.79","15",".342","2765"
"Gausman, Kevin","592332","2017","26","816","736","29","179","71",21.9,".283",".459",".348","0.807","97","560","11","12","4.68","15",".346","3344"
"Ray, Robbie","592662","2017","25","665","582","23","218","71",32.8,".199",".356",".290","0.646","52","486","15","5","2.89","16",".282","2708"
"Taillon, Jameson","592791","2017","25","587","525","11","125","46",21.3,".290",".440",".349","0.789","66","401","8","7","4.44","9",".337","2317"
"Walker, Taijuan","592836","2017","24","683","600","17","146","61",21.4,".247",".410",".322","0.732","61","472","9","9","3.49","12",".311","2741"
"Williams, Trevor","592866","2017","25","642","568","14","117","52",18.2,".255",".389",".325","0.714","68","451","7","9","4.07","11",".309","2418"
"Martinez, Carlos","593372","2017","25","858","772","27","217","71",25.3,".232",".391",".302","0.693","83","615","12","11","3.64","20",".299","3118"
"Rodriguez, Eduardo","593958","2017","24","582","523","19","150","50",25.8,".241",".424",".312","0.736","64","412","6","7","4.19","12",".315","2459"
"deGrom, Jacob","594798","2017","29","827","758","28","239","59",28.9,".237",".389",".292","0.681","79","604","15","10","3.53","21",".291","3160"
"Eickhoff, Jerad","595191","2017","26","576","506","16","118","53",20.5,".281",".445",".349","0.794","67","384","4","8","4.71","8",".338","2128"
"Pivetta, Nick","601713","2017","24","584","512","25","140","57",24,".281",".492",".353","0.845","89","399","8","10","6.02","8",".358","2438"
"Bundy, Dylan","605164","2017","24","698","633","26","152","51",21.8,".240",".420",".301","0.721","80","509","13","9","4.24","19",".308","2815"
"Cotton, Jharel","605194","2017","25","564","498","28","105","53",18.6,".267",".494",".339","0.833","80","387","9","10","5.58","6",".352","2161"
"Davies, Zach","605200","2017","24","817","741","20","124","55",15.2,".275",".424",".331","0.755","83","574","17","9","3.90","15",".323","3073"
"Fulmer, Michael","605242","2017","24","676","617","13","114","40",16.9,".243",".350",".294","0.644","70","494","10","12","3.83","18",".279","2469"
"Nola, Aaron","605400","2017","24","693","640","18","184","49",26.6,".241",".383",".297","0.680","66","504","12","11","3.54","17",".293","2663"
"Snell, Blake","605483","2017","24","547","482","15","119","59",21.8,".234",".390",".317","0.707","58","388","5","7","4.04","7",".308","2275"
"Perdomo, Luis","606131","2017","24","716","638","17","118","65",16.5,".285",".426",".358","0.784","85","491","8","11","4.67","16",".339","2550"
"Montero, Rafael","606160","2017","26","550","461","12","114","67",20.7,".306",".438",".394","0.832","73","357","5","11","5.52","6",".359","2214"
"Gsellman, Robert","607229","2017","23","549","493","17","82","42",14.9,".280",".462",".345","0.807","69","359","8","7","5.19","8",".344","2046"
"Biagini, Joe","607352","2017","27","517","471","15","97","42",18.8,".265",".425",".327","0.752","71","359","3","13","5.34","5",".323","1929"
"Freeland, Kyle","607536","2017","24","688","596","17","107","63",15.6,".284",".436",".356","0.792","71","468","11","11","4.10","13",".340","2552"
"Wacha, Michael","608379","2017","25","701","636","17","158","55",22.5,".267",".409",".327","0.736","76","497","12","9","4.13","15",".316","2681"
"Márquez, Germán","608566","2017","22","700","634","25","147","49",21,".274",".473",".332","0.805","79","486","11","7","4.39","14",".341","2654"
"McCullers Jr., Lance","621121","2017","23","512","457","8","132","40",25.8,".249",".372",".324","0.696","56","356","7","4","4.25","9",".305","1999"
"Berríos, José","621244","2017","23","616","548","15","139","48",22.6,".239",".380",".313","0.693","63","437","14","8","3.89","12",".302","2387"
"Blach, Ty","621389","2017","26","692","633","17","73","43",10.5,".283",".439",".327","0.766","87","491","8","12","4.78","13",".326","2512"
"Wood, Alex","622072","2017","26","614","566","15","151","38",24.6,".217",".346",".274","0.620","46","457","16","3","2.72","15",".266","2248"
"Senzatela, Antonio","622608","2017","22","564","504","18","102","47",18.1,".254",".437",".320","0.757","70","404","10","5","4.68","7",".322","2213"
"Severino, Luis","622663","2017","23","782","720","21","230","51",29.4,".208",".338",".266","0.604","64","580","14","6","2.98","21",".263","3081"
"Maeda, Kenta","628317","2017","29","557","508","22","140","34",25.1,".238",".423",".290","0.713","63","403","13","6","4.22","5",".303","2174"
"Manaea, Sean","640455","2017","25","691","623","18","140","55",20.3,".268",".427",".336","0.763","77","476","12","10","4.37","14",".329","2678"
"Kuhl, Chad","641771","2017","24","680","592","17","142","72",20.9,".269",".441",".352","0.793","76","472","8","11","4.35","8",".338","2681"
"Godley, Zack","643327","2017","27","627","561","15","165","53",26.3,".221",".364",".293","0.657","58","465","8","9","3.37","14",".285","2420"
"Montgomery, Jordan","656756","2017","24","649","592","21","144","51",22.2,".236",".387",".297","0.684","67","466","9","7","3.88","10",".295","2525"
"Miranda, Aríel","664641","2017","28","678","600","37","137","63",20.2,".233",".473",".308","0.781","91","480","8","7","5.12","9",".329","2662"
"Colon, Bartolo","112526","2018","45","628","591","32","81","25",12.9,".291",".547",".319","0.866","94","439","7","12","5.78","9",".362","2228"
"Sabathia, CC","282332","2018","37","665","600","19","140","51",21.1,".250",".397",".319","0.716","62","459","9","7","3.65","11",".313","2506"
"Greinke, Zack","425844","2018","34","839","784","28","199","43",23.7,".231",".390",".275","0.665","74","623","15","11","3.21","21",".286","3129"
"Hamels, Cole","430935","2018","34","805","715","29","188","65",23.4,".246",".422",".324","0.746","80","572","9","12","3.78","16",".325","3055"
"Hernández, Félix","433587","2018","32","684","606","27","125","59",18.3,".262",".460",".338","0.798","96","467","8","14","5.55","8",".344","2558"
"Verlander, Justin","434378","2018","35","833","781","28","290","37",34.8,".200",".360",".242","0.602","60","642","16","9","2.52","26",".259","3420"
"Liriano, Francisco","434538","2018","34","586","503","19","110","73",18.8,".252",".421",".350","0.771","68","401","5","12","4.58","10",".337","2260"
"Hammel, Jason","434628","2018","35","582","533","18","92","39",15.8,".315",".505",".362","0.867","85","381","4","14","6.02","7",".368","2069"
"Sánchez, Aníbal","434671","2018","34","553","497","15","135","42",24.4,".213",".354",".278","0.632","43","410","7","6","2.83","12",".277","2126"
"Kluber, Corey","446372","2018","32","842","801","25","222","34",26.4,".223",".367",".257","0.624","69","645","20","7","2.89","25",".270","3076"
"Hill, Rich","448179","2018","38","547","493","20","150","41",27.4,".219",".400",".289","0.689","54","398","11","5","3.66","10",".297","2102"
"Shields, James","448306","2018","36","871","775","34","154","78",17.7,".245",".435",".319","0.754","103","614","7","16","4.53","19",".326","3186"
"Guerra, Junior","448855","2018","33","610","542","19","136","55",22.3,".264",".434",".334","0.768","64","423","6","9","4.09","10",".333","2292"
"Morton, Charlie","450203","2018","34","695","609","18","201","64",28.9,".213",".356",".303","0.659","58","501","15","3","3.13","18",".293","2686"
"Lester, Jon","452657","2018","34","761","681","24","149","64",19.6,".256",".410",".324","0.734","67","545","18","6","3.32","15",".319","3108"
"Kennedy, Ian","453178","2018","33","518","471","20","105","40",20.3,".265",".456",".323","0.779","62","359","3","9","4.66","9",".334","2054"
"LeBlanc, Wade","453281","2018","33","662","614","24","130","40",19.6,".246",".419",".293","0.712","67","486","9","5","3.72","10",".306","2443"
"Scherzer, Max","453286","2018","33","866","797","23","300","51",34.6,".188",".332",".247","0.579","62","662","18","7","2.53","28",".252","3480"
"Richard, Clayton","453385","2018","34","682","604","19","108","60",15.8,".263",".432",".338","0.770","94","476","7","11","5.33","12",".334","2380"
"Arrieta, Jake","453562","2018","32","722","649","21","138","57",19.1,".254",".407",".318","0.725","76","518","10","11","3.96","15",".315","2759"
"Price, David","456034","2018","32","722","657","25","177","50",24.5,".230",".399",".293","0.692","70","528","16","7","3.58","18",".300","2714"
"Happ, J.A.","457918","2018","35","732","668","27","193","51",26.4,".225",".389",".288","0.677","72","533","17","6","3.65","15",".295","3049"
"Lynn, Lance","458681","2018","31","700","616","14","161","76",23,".265",".394",".350","0.744","83","470","10","10","4.77","10",".327","2934"
"Gonzalez, Gio","461829","2018","32","746","652","17","148","80",19.8,".256",".399",".335","0.734","80","513","10","11","4.21","11",".320","3016"
"Estrada, Marco","462136","2018","34","627","566","29","103","50",16.4,".274",".521",".331","0.852","90","431","7","14","5.64","11",".360","2497"
"Nova, Iván","467100","2018","31","683","638","26","114","35",16.7,".268",".459",".309","0.768","75","483","9","9","4.19","14",".327","2528"
"Chacín, Jhoulys","468504","2018","30","796","697","18","156","71",19.6,".220",".357",".298","0.655","75","578","15","8","3.50","12",".287","3006"
"Carrasco, Carlos","471911","2018","31","784","726","21","231","43",29.5,".238",".384",".285","0.669","72","576","17","10","3.38","19",".288","2870"
"Ross, Tyson","475115","2018","31","634","556","17","122","62",19.2,".237",".394",".319","0.713","69","449","8","9","4.15","12",".309","2497"
"Kershaw, Clayton","477132","2018","30","649","612","17","155","29",23.9,".227",".366",".264","0.630","49","484","9","5","2.73","20",".272","2360"
"Cashner, Andrew","488768","2018","31","681","609","25","99","65",14.5,".291",".496",".360","0.856","90","459","4","15","5.29","13",".366","2647"
"Quintana, Jose","500779","2018","29","739","658","25","158","68",21.4,".246",".418",".319","0.737","78","523","13","11","4.03","13",".319","2892"
"Minor, Mike","501985","2018","30","640","587","25","132","38",20.6,".235",".445",".288","0.733","73","471","12","8","4.18","13",".312","2548"
"Archer, Chris","502042","2018","29","638","579","19","162","49",25.4,".268",".437",".330","0.767","71","445","6","8","4.31","12",".330","2503"
"Gibson, Kyle","502043","2018","30","826","733","23","179","79",21.7,".241",".385",".316","0.701","79","590","10","13","3.62","18",".306","3234"
"Cobb, Alex","502171","2018","30","661","606","24","102","43",15.4,".284",".482",".332","0.814","83","457","5","15","4.90","15",".345","2437"
"Leake, Mike","502190","2018","30","783","739","23","119","34",15.2,".280",".447",".316","0.763","90","557","10","10","4.36","18",".326","2796"
"Anderson, Chase","502624","2018","30","644","575","30","128","57",19.9,".228",".426",".305","0.731","69","474","9","8","3.93","11",".317","2600"
"Holland, Derek","502706","2018","31","727","640","19","169","67",23.2,".241",".405",".313","0.718","68","514","7","9","3.57","11",".309","2902"
"Bettis, Chad","518452","2018","29","518","456","18","80","47",15.4,".265",".454",".337","0.791","67","361","5","2","5.01","7",".339","1922"
"Bumgarner, Madison","518516","2018","28","551","495","14","109","43",19.8,".238",".390",".304","0.694","47","389","6","7","3.26","14",".300","2046"
"Duffy, Danny","518633","2018","29","692","610","23","141","70",20.4,".264",".426",".341","0.767","84","465","8","12","4.88","10",".333","2775"
"Harvey, Matt","518774","2018","29","663","609","27","131","37",19.8,".271",".466",".317","0.783","85","465","7","9","4.94","8",".334","2530"
"Porcello, Rick","519144","2018","29","808","735","27","190","48",23.5,".241",".399",".299","0.698","91","574","17","7","4.28","16",".303","3095"
"Sale, Chris","519242","2018","29","617","565","11","237","34",38.4,".181",".288",".243","0.531","37","474","12","4","2.11","17",".237","2524"
"Zimmermann, Jordan","519455","2018","32","556","521","28","111","26",20,".269",".497",".303","0.800","66","394","7","8","4.52","8",".338","2073"
"Teheran, Julio","527054","2018","27","724","623","26","162","84",22.4,".196",".374",".298","0.672","77","527","9","9","3.94","17",".295","2797"
"Anderson, Tyler","542881","2018","28","736","665","30","164","58",22.3,".248",".448",".308","0.756","89","528","7","9","4.55","16",".323","2848"
"Cole, Gerrit","543037","2018","27","799","723","19","276","64",34.5,".198",".332",".269","0.601","64","601","15","5","2.88","20",".265","3256"
"Gaviglio, Sam","543208","2018","28","548","498","21","105","38",19.2,".281",".470",".335","0.805","73","371","3","10","5.31","4",".344","2039"
"Gray, Sonny","543243","2018","28","582","511","14","123","57",21.1,".270",".419",".349","0.768","71","391","11","9","4.90","8",".336","2246"
"Hendricks, Kyle","543294","2018","28","812","745","22","161","44",19.8,".247",".391",".294","0.685","76","597","14","11","3.44","17",".295","3046"
"Montgomery, Mike","543557","2018","28","534","481","10","86","39",16.1,".272",".391",".333","0.724","55","372","5","6","3.99","7",".315","1944"
"Odorizzi, Jake","543606","2018","28","711","625","20","162","70",22.8,".242",".419",".324","0.743","82","493","7","10","4.49","10",".322","2979"
"Roark, Tanner","543699","2018","31","760","690","24","146","50",19.2,".262",".422",".319","0.741","87","541","9","15","4.34","17",".319","2954"
"Strasburg, Stephen","544931","2018","29","544","492","18","156","38",28.7,".240",".409",".302","0.711","54","390","10","7","3.74","13",".306","2156"
"Bauer, Trevor","545333","2018","27","717","645","9","221","57",30.8,".208",".302",".280","0.582","43","526","12","6","2.21","20",".260","2850"
"Tanaka, Masahiro","547888","2018","29","635","588","25","159","35",25,".240",".422",".290","0.712","65","468","12","6","3.75","14",".307","2396"
"Stripling, Ross","548389","2018","28","503","478","18","136","22",27,".257",".431",".291","0.722","41","366","8","6","3.02","9",".309","1930"
"Wheeler, Zack","554430","2018","28","744","668","14","179","55",24.1,".225",".320",".291","0.611","67","547","12","7","3.31","18",".272","2881"
"Ureña, José","570632","2018","26","712","640","19","130","51",18.3,".242",".381",".308","0.689","77","522","9","12","3.98","12",".298","2770"
"Boyd, Matthew","571510","2018","27","709","639","27","159","51",22.4,".228",".410",".294","0.704","83","511","9","13","4.39","14",".305","2854"
"Corbin, Patrick","571578","2018","28","800","742","15","246","48",30.8,".218",".337",".270","0.607","70","600","11","7","3.15","19",".265","3138"
"Fiers, Mike","571666","2018","33","714","666","32","139","37",19.5,".249",".450",".296","0.746","68","516","12","8","3.56","15",".319","2667"
"Heaney, Andrew","571760","2018","27","749","689","27","180","45",24,".248",".419",".300","0.719","83","540","9","10","4.15","17",".310","2754"
"Matz, Steven","571927","2018","27","654","578","25","152","58",23.2,".232",".419",".312","0.731","68","462","5","11","3.97","12",".317","2692"
"Mikolas, Miles","571945","2018","29","808","760","16","146","29",18.1,".245",".350",".278","0.628","63","602","18","4","2.83","20",".271","3004"
"Paxton, James","572020","2018","29","645","598","23","208","42",32.2,".224",".386",".275","0.661","67","481","11","6","3.76","15",".287","2595"
"Skaggs, Tyler","572140","2018","26","533","484","14","129","40",24.2,".262",".413",".323","0.736","56","376","8","10","4.02","11",".320","2146"
"Keuchel, Dallas","572971","2018","30","874","802","18","153","58",17.5,".263",".393",".311","0.704","85","614","12","11","3.74","20",".305","3309"
"Straily, Dan","573185","2018","29","518","452","20","99","52",19.1,".237",".431",".323","0.754","56","367","5","6","4.12","9",".324","2134"
"Covey, Dylan","592229","2018","26","541","480","13","91","51",16.8,".269",".394",".340","0.734","70","365","5","14","5.18","6",".319","2051"
"Foltynewicz, Mike","592314","2018","26","743","666","17","202","68",27.2,".195",".324",".275","0.599","58","549","13","10","2.85","12",".265","3039"
"Gausman, Kevin","592332","2018","27","776","715","26","148","50",19.1,".264",".436",".317","0.753","80","551","10","11","3.92","16",".324","3003"
"Gray, Jon","592351","2018","26","742","677","27","183","52",24.7,".266",".451",".322","0.773","98","517","12","9","5.12","13",".332","2793"
"Ray, Robbie","592662","2018","26","526","449","19","165","70",31.4,".216",".379",".328","0.707","54","371","6","2","3.93","7",".312","2282"
"Syndergaard, Noah","592789","2018","25","644","592","9","155","39",24.1,".250",".348",".303","0.651","52","463","13","4","3.03","14",".285","2410"
"Taillon, Jameson","592791","2018","26","785","727","20","179","46",22.8,".246",".385",".296","0.681","68","573","14","10","3.20","20",".294","2947"
"Velasquez, Vince","592826","2018","26","630","553","16","161","59",25.6,".250",".418",".329","0.747","79","440","9","12","4.85","11",".325","2471"
"Williams, Trevor","592866","2018","26","701","632","15","126","55",18,".231",".364",".295","0.659","59","512","14","10","3.11","17",".287","2723"
"Martinez, Carlos","593372","2018","26","521","439","5","117","60",22.5,".228",".314",".333","0.647","41","356","8","6","3.11","9",".291","1973"
"Rodriguez, Eduardo","593958","2018","25","553","501","16","146","45",26.4,".238",".377",".304","0.681","55","389","13","5","3.82","7",".298","2313"
"deGrom, Jacob","594798","2018","30","835","776","10","269","46",32.2,".196",".277",".244","0.521","41","651","10","9","1.70","28",".230","3210"
"Gonzales, Marco","594835","2018","26","686","643","17","145","32",21.1,".267",".414",".307","0.721","74","500","13","9","4.00","13",".311","2562"
"Junis, Jakob","596001","2018","25","758","688","32","164","43",21.6,".265",".455",".318","0.773","86","531","9","12","4.37","14",".331","2838"
"Weaver, Luke","596133","2018","24","609","542","19","121","54",19.9,".277",".441",".345","0.786","75","409","7","11","4.95","8",".340","2385"
"Pivetta, Nick","601713","2018","25","694","624","24","188","51",27.1,".261",".423",".320","0.743","87","492","7","14","4.77","9",".322","2815"
"Bundy, Dylan","605164","2018","25","750","685","41","184","54",24.5,".274",".523",".332","0.855","104","515","8","16","5.45","15",".363","2836"
"Clevinger, Mike","605182","2018","27","809","737","21","207","67",25.6,".223",".365",".290","0.655","67","600","13","8","3.02","21",".288","3262"
"Fulmer, Michael","605242","2018","25","558","504","19","110","46",19.7,".254",".437",".321","0.758","69","397","3","12","4.69","10",".327","2146"
"Nola, Aaron","605400","2018","25","831","756","17","224","58",27,".197",".311",".259","0.570","56","637","17","6","2.37","25",".251","3212"
"Snell, Blake","605483","2018","25","700","630","16","221","64",31.6,".178",".300",".254","0.554","38","542","21","5","1.89","19",".246","2913"
"Suárez, Andrew","605498","2018","25","665","606","23","130","45",19.5,".269",".447",".320","0.767","80","481","7","13","4.49","11",".328","2482"
"Rodón, Carlos","607074","2018","25","510","441","15","90","55",17.6,".220",".376",".322","0.698","56","362","6","8","4.18","11",".309","1966"
"Romano, Sal","607219","2018","24","644","580","23","105","53",16.3,".267",".453",".331","0.784","86","437","8","11","5.31","8",".334","2394"
"Freeland, Kyle","607536","2018","25","844","757","17","173","70",20.5,".240",".358",".308","0.666","64","607","17","7","2.85","24",".292","3246"
"Giolito, Lucas","608337","2018","23","775","664","27","125","90",16.1,".250",".444",".350","0.794","118","520","10","13","6.13","15",".345","3005"
"Márquez, Germán","608566","2018","23","815","742","24","230","57",28.2,".241",".398",".300","0.698","82","588","14","11","3.77","20",".300","3117"
"Stratton, Chris","608717","2018","27","625","560","19","112","54",17.9,".273",".455",".336","0.791","82","435","10","10","5.09","12",".339","2446"
"Chen, Wei-Yin","612672","2018","32","572","511","19","111","47",19.4,".256",".432",".316","0.748","71","400","6","12","4.79","10",".318","2204"
"Eflin, Zach","621107","2018","24","548","499","16","123","37",22.4,".261",".433",".313","0.746","62","384","11","8","4.36","9",".318","2040"
"Buehler, Walker","621111","2018","23","541","493","12","151","37",27.9,".193",".300",".256","0.556","40","412","8","5","2.62","13",".247","2079"
"McCullers Jr., Lance","621121","2018","24","527","465","12","142","50",26.9,".215",".355",".298","0.653","55","385","10","6","3.86","13",".289","2106"
"Berríos, José","621244","2018","24","797","717","25","202","61",25.3,".222",".372",".293","0.665","82","577","12","11","3.84","17",".292","2980"
"Blach, Ty","621389","2018","27","512","461","8","75","41",14.6,".289",".399",".347","0.746","56","356","6","7","4.25","4",".325","1878"
"Wood, Alex","622072","2018","27","637","579","14","135","40",21.2,".247",".363",".301","0.664","62","455","9","7","3.68","13",".288","2443"
"Castillo, Luis","622491","2018","25","708","645","28","165","49",23.3,".245",".431",".301","0.732","81","509","10","12","4.30","11",".314","2771"
"Severino, Luis","622663","2018","24","780","726","19","220","46",28.2,".238",".379",".288","0.667","72","574","19","8","3.39","17",".290","3148"
"López, Reynaldo","625643","2018","24","799","705","25","151","75",18.9,".234",".400",".313","0.713","82","566","7","10","3.91","19",".310","3082"
"Maeda, Kenta","628317","2018","30","532","479","13","153","43",28.8,".240",".399",".308","0.707","53","376","8","10","3.81","5",".304","1965"
"Manaea, Sean","640455","2018","26","654","608","21","108","32",16.5,".232",".385",".278","0.663","64","482","12","9","3.59","15",".287","2346"
"Keller, Brad","641745","2018","22","583","528","7","96","50",16.5,".252",".335",".317","0.652","48","421","9","6","3.08","10",".290","2232"
"Lauer, Eric","641778","2018","23","504","446","15","100","46",19.8,".285",".442",".358","0.800","54","336","6","7","4.34","6",".347","1921"
"Mahle, Tyler","641816","2018","23","506","442","22","110","53",21.7,".283",".486",".361","0.847","62","336","7","9","4.98","7",".360","2060"
"Yarbrough, Ryan","642232","2018","26","628","568","18","128","50",20.4,".246",".414",".316","0.730","64","442","16","6","3.91","0",".314","2395"
"Barria, Jaime","642545","2018","21","537","483","17","98","47",18.2,".242",".402",".317","0.719","49","388","10","9","3.41","5",".315","2170"
"Godley, Zack","643327","2018","28","791","682","16","185","81",23.4,".260",".389",".345","0.734","94","535","15","11","4.74","14",".322","3006"
"Flaherty, Jack","656427","2018","22","615","542","20","182","59",29.6,".199",".345",".290","0.635","56","453","8","9","3.34","10",".281","2586"
"Newcomb, Sean","656794","2018","25","696","607","18","160","81",23,".226",".362",".316","0.678","71","492","12","9","3.90","16",".300","2918"
"Lucchesi, Joey","664192","2018","25","548","493","23","145","43",26.5,".254",".450",".316","0.766","59","390","8","9","4.08","6",".328","2056"
"Richards, Trevor","670950","2018","25","547","479","15","130","54",23.8,".253",".422",".332","0.754","62","379","4","9","4.42","8",".324","2232"
"Wainwright, Adam","425794","2019","37","745","662","22","153","64",20.5,".273",".440",".342","0.782","80","515","14","10","4.19","14",".330","2784"
"Greinke, Zack","425844","2019","35","810","767","21","187","30",23.1,".228",".364",".260","0.624","68","626","18","5","2.93","24",".263","3085"
"Hamels, Cole","430935","2019","35","617","542","17","143","56",23.2,".260",".406",".334","0.740","60","425","7","7","3.81","12",".317","2394"
"Verlander, Justin","434378","2019","36","847","796","36","300","42",35.4,".172",".361",".219","0.580","64","669","21","6","2.58","26",".243","3242"
"Sánchez, Aníbal","434671","2019","35","712","647","22","134","58",18.8,".236",".406",".302","0.708","71","498","11","8","3.85","13",".296","2689"
"Morton, Charlie","450203","2019","35","790","717","15","240","57",30.4,".215",".340",".283","0.623","66","584","16","6","3.05","19",".270","3137"
"Vargas, Jason","450306","2019","36","649","566","21","124","63",19.1,".249",".424",".327","0.751","75","449","7","9","4.51","9",".318","2505"
"Lester, Jon","452657","2019","35","764","698","26","165","52",21.6,".294",".470",".345","0.815","85","515","13","10","4.46","14",".344","3041"
"LeBlanc, Wade","453281","2019","34","532","498","28","92","31",17.3,".291",".534",".333","0.867","77","364","6","7","5.71","1",".359","1955"
"Scherzer, Max","453286","2019","34","693","650","18","243","33",35.1,".222",".371",".266","0.637","56","517","11","7","2.92","17",".269","2769"
"Arrieta, Jake","453562","2019","33","594","527","21","110","51",18.5,".283",".448",".351","0.799","70","407","8","8","4.64","10",".339","2192"
"Bailey, Homer","456701","2019","33","696","632","21","149","53",21.4,".256",".403",".316","0.719","83","490","13","9","4.57","13",".307","2805"
"Happ, J.A.","457918","2019","36","678","621","34","140","49",20.6,".258",".469",".316","0.785","88","484","12","8","4.91","8",".329","2695"
"Lynn, Lance","458681","2019","32","875","801","21","246","59",28.1,".243",".390",".300","0.690","85","625","16","11","3.67","20",".294","3435"
"Nova, Iván","467100","2019","32","806","743","30","114","47",14.1,".303",".483",".350","0.833","98","561","11","12","4.72","11",".351","3003"
"Anderson, Brett","474463","2019","31","743","682","20","90","49",12.1,".265",".408",".317","0.725","76","528","13","9","3.89","17",".308","2659"
"Kershaw, Clayton","477132","2019","31","706","654","28","189","41",26.8,".222",".394",".269","0.663","60","535","16","5","3.03","22",".280","2575"
"Cashner, Andrew","488768","2019","32","636","570","19","108","58",17,".253",".418",".324","0.742","78","450","11","8","4.68","11",".317","2511"
"Miley, Wade","489119","2019","32","720","646","23","140","61",19.4,".254",".406",".321","0.727","74","502","14","6","3.98","14",".311","2863"
"Quintana, Jose","500779","2019","30","745","678","20","152","46",20.4,".282",".440",".323","0.763","89","513","13","9","4.68","14",".321","2734"
"Pineda, Michael","501381","2019","30","600","558","23","140","28",23.3,".253",".430",".291","0.721","65","438","11","5","4.01","13",".301","2181"
"Minor, Mike","501985","2019","31","863","779","30","200","68",23.2,".244",".395",".308","0.703","83","625","14","10","3.59","16",".301","3357"
"Archer, Chris","502042","2019","30","526","458","25","143","55",27.2,".249",".461",".333","0.794","69","359","3","9","5.19","7",".334","2097"
"Gibson, Kyle","502043","2019","31","706","637","23","160","56",22.7,".275",".443",".339","0.782","86","480","13","7","4.84","9",".333","2764"
"Samardzija, Jeff","502188","2019","34","740","677","28","140","49",18.9,".225",".411",".281","0.692","71","544","11","12","3.52","13",".289","3000"
"Leake, Mike","502190","2019","31","835","793","41","127","27",15.2,".286",".506",".317","0.823","94","591","12","11","4.29","19",".341","2968"
"Anderson, Chase","502624","2019","31","592","526","23","124","50",20.9,".240",".449",".314","0.763","65","417","8","4","4.21","3",".320","2300"
"Darvish, Yu","506433","2019","32","731","657","33","229","56",31.3,".213",".411",".284","0.695","79","536","6","8","3.98","11",".294","2848"
"Bumgarner, Madison","518516","2019","29","844","780","30","203","43",24.1,".245",".426",".291","0.717","90","623","9","9","3.90","20",".300","3239"
"Duffy, Danny","518633","2019","30","555","498","21","115","46",20.7,".251",".438",".323","0.761","63","392","7","6","4.34","14",".323","2161"
"Kelly, Merrill","518876","2019","30","777","709","29","158","57",20.3,".260",".447",".314","0.761","90","550","13","14","4.42","15",".318","2960"
"Porcello, Rick","519144","2019","30","768","712","31","143","45",18.6,".278",".483",".326","0.809","107","523","14","12","5.52","13",".338","2960"
"Sale, Chris","519242","2019","30","612","556","24","218","37",35.6,".221",".412",".284","0.696","72","442","6","11","4.40","13",".294","2465"
"Zimmermann, Jordan","519455","2019","33","504","466","19","82","25",16.3,".311",".526",".351","0.877","86","336","1","13","6.91","5",".363","1866"
"Pérez, Martín","527048","2019","28","737","659","23","135","67",18.3,".279",".439",".346","0.785","94","496","10","7","5.12","11",".334","2771"
"Teheran, Julio","527054","2019","28","754","645","22","162","83",21.5,".229",".389",".328","0.717","74","524","10","11","3.81","15",".310","3034"
"Cole, Gerrit","543037","2019","28","817","762","29","326","48",39.9,".186",".343",".237","0.580","59","637","20","5","2.50","26",".246","3360"
"DeSclafani, Anthony","543101","2019","29","696","635","29","167","49",24,".238",".422",".295","0.717","72","500","9","9","3.89","11",".300","2587"
"Gray, Sonny","543243","2019","29","708","622","17","205","68",29,".196",".325",".281","0.606","56","526","11","8","2.87","17",".265","2807"
"Hendricks, Kyle","543294","2019","29","730","675","19","150","32",20.5,".249",".397",".290","0.687","68","531","11","10","3.46","16",".290","2690"
"Lyles, Jordan","543475","2019","28","599","538","25","146","55",24.4,".243",".454",".313","0.767","65","423","12","8","4.15","10",".321","2377"
"Odorizzi, Jake","543606","2019","29","658","593","16","178","53",27.1,".234",".371",".300","0.671","62","477","15","7","3.51","9",".289","2786"
"Roark, Tanner","543699","2019","32","722","655","28","158","51",21.9,".275",".467",".338","0.805","80","496","10","10","4.35","8",".340","2884"
"Strasburg, Stephen","544931","2019","30","841","768","24","251","56",29.8,".210",".349",".271","0.620","77","627","18","6","3.32","22",".265","3383"
"Bauer, Trevor","545333","2019","28","911","800","34","253","82",27.8,".230",".429",".315","0.744","106","639","11","13","4.48","19",".316","3685"
"Tanaka, Masahiro","547888","2019","30","759","713","28","149","40",19.6,".261",".450",".300","0.750","90","546","11","9","4.45","15",".314","2787"
"Ryu, Hyun Jin","547943","2019","32","723","685","17","163","24",22.5,".234",".359",".263","0.622","47","548","14","5","2.32","22",".263","2705"
"Wheeler, Zack","554430","2019","29","828","760","22","195","50",23.6,".258",".391",".303","0.694","86","586","11","8","3.96","18",".294","3158"
"Boyd, Matthew","571510","2019","28","788","721","39","238","50",30.2,".247",".465",".301","0.766","94","556","9","12","4.56","14",".320","3101"
"Corbin, Patrick","571578","2019","29","835","746","24","238","70",28.5,".227",".375",".293","0.668","73","606","14","7","3.25","24",".285","3299"
"Fiers, Mike","571666","2019","34","754","683","30","126","53",16.7,".243",".408",".304","0.712","80","554","15","4","3.90","19",".303","2837"
"Matz, Steven","571927","2019","28","691","626","27","153","52",22.1,".260",".454",".324","0.778","75","481","11","10","4.21","15",".325","2701"
"Mikolas, Miles","571945","2019","30","764","710","27","144","32",18.8,".272",".449",".311","0.760","85","552","9","14","4.16","17",".319","2804"
"Paxton, James","572020","2019","30","633","570","23","186","55",29.4,".242",".423",".309","0.732","64","452","15","6","3.82","13",".310","2663"
"Stroman, Marcus","573186","2019","28","774","711","18","159","58",20.5,".257",".384",".313","0.697","66","553","10","13","3.22","18",".299","3045"
"Kikuchi, Yusei","579328","2019","28","721","660","36","116","50",16.1,".295",".539",".348","0.887","98","485","6","11","5.46","12",".368","2628"
"Gray, Jon","592351","2019","27","637","567","19","150","56",23.5,".259",".437",".329","0.766","64","450","11","8","3.84","13",".323","2372"
"Ray, Robbie","592662","2019","27","747","642","30","235","84",31.5,".234",".441",".325","0.766","84","523","12","8","4.34","11",".322","3058"
"Sampson, Adrian","592716","2019","27","563","516","29","101","36",17.9,".302",".568",".357","0.925","82","376","6","8","5.89","4",".382","2056"
"Sanchez, Aaron","592717","2019","26","605","521","20","115","68",19,".278",".457",".371","0.828","86","394","5","14","5.89","4",".353","2304"
"Smith, Caleb","592761","2019","27","646","573","33","168","60",26,".223",".454",".301","0.755","77","460","10","11","4.52","10",".315","2661"
"Smyly, Drew","592767","2019","30","514","453","32","120","55",23.3,".278",".558",".357","0.915","79","342","4","7","6.24","5",".379","2130"
"Syndergaard, Noah","592789","2019","26","824","758","24","202","49",24.5,".256",".410",".303","0.713","94","593","10","8","4.28","17",".301","3090"
"Velasquez, Vince","592826","2019","27","516","458","26","130","43",25.2,".262",".498",".335","0.833","64","352","7","8","4.91","2",".347","2119"
"Williams, Trevor","592866","2019","27","636","571","27","113","44",17.8,".284",".513",".338","0.851","87","437","7","9","5.38","12",".351","2327"
"Germán, Domingo","593334","2019","26","594","548","30","153","39",25.8,".228",".442",".285","0.727","64","429","18","4","4.03","11",".305","2247"
"Rodriguez, Eduardo","593958","2019","26","859","770","24","213","75",24.8,".253",".391",".323","0.714","86","610","19","6","3.81","16",".307","3495"
"deGrom, Jacob","594798","2019","31","804","745","19","255","44",31.7,".207",".323",".257","0.580","55","612","11","8","2.43","23",".250","3190"
"Gonzales, Marco","594835","2019","27","866","794","23","147","56",17,".264",".422",".314","0.736","90","609","16","13","3.99","19",".311","3162"
"Beede, Tyler","595881","2019","26","523","468","22","113","46",21.6,".271",".462",".341","0.803","66","351","5","10","5.08","6",".339","2026"
"Junis, Jakob","596001","2019","26","771","696","31","164","58",21.3,".276",".468",".339","0.807","102","526","9","14","5.24","12",".340","2924"
"Norris, Daniel","596057","2019","26","610","560","25","125","38",20.5,".275",".473",".324","0.797","72","433","3","13","4.49","4",".334","2360"
"Bassitt, Chris","605135","2019","30","612","545","21","141","47",23,".229",".394",".303","0.697","61","432","10","5","3.81","10",".299","2410"
"Bundy, Dylan","605164","2019","26","700","628","29","162","58",23.1,".256",".462",".322","0.784","86","485","7","14","4.79","10",".329","2778"
"Davies, Zach","605200","2019","26","672","606","20","102","51",15.2,".256",".416",".313","0.729","63","479","10","7","3.55","8",".309","2678"
"López, Jorge","605347","2019","26","548","489","27","109","42",19.9,".286",".513",".350","0.863","87","371","4","9","6.33","4",".360","2059"
"Musgrove, Joe","605397","2019","26","718","662","21","157","39",21.9,".254",".437",".302","0.739","84","511","11","12","4.44","17",".309","2654"
"Nola, Aaron","605400","2019","26","852","755","27","229","80",26.9,".233",".393",".315","0.708","87","607","12","7","3.87","18",".304","3331"
"Turnbull, Spencer","605513","2019","26","656","576","14","146","59",22.3,".267",".413",".350","0.763","76","445","3","17","4.61","9",".329","2658"
"Means, John","607644","2019","26","637","590","23","121","38",19,".234",".417",".285","0.702","62","465","12","11","3.60","11",".295","2680"
"Fried, Max","608331","2019","25","702","644","21","173","47",24.6,".270",".419",".324","0.743","74","497","17","6","4.02","14",".315","2669"
"Giolito, Lucas","608337","2019","24","705","640","24","228","57",32.3,".205",".373",".273","0.646","67","530","14","9","3.41","17",".275","2814"
"Wacha, Michael","608379","2019","27","561","493","26","104","54",18.5,".290",".503",".360","0.863","67","380","6","7","4.76","6",".360","2199"
"Márquez, Germán","608566","2019","24","721","671","29","175","35",24.3,".259",".441",".299","0.740","92","522","12","5","4.76","11",".311","2616"
"Eflin, Zach","621107","2019","25","705","642","28","129","48",18.3,".268",".452",".323","0.775","75","490","10","13","4.13","14",".325","2571"
"Buehler, Walker","621111","2019","24","737","685","20","215","37",29.2,".223",".368",".268","0.636","66","547","14","4","3.26","17",".270","2831"
"Berríos, José","621244","2019","25","842","774","26","195","51",23.2,".251",".404",".302","0.706","82","601","14","8","3.68","21",".300","3132"
"Castillo, Luis","622491","2019","26","780","688","22","226","78",29,".202",".343",".289","0.632","72","572","15","8","3.40","20",".277","3068"
"Senzatela, Antonio","622608","2019","24","582","514","19","76","57",13.1,".313",".506",".384","0.890","93","374","11","11","6.71","9",".373","2237"
"López, Reynaldo","625643","2019","25","809","729","35","169","65",20.9,".278",".491",".342","0.833","110","552","10","15","5.38","15",".349","3160"
"Maeda, Kenta","628317","2019","31","624","564","22","169","51",27.1,".202",".371",".272","0.643","69","461","10","8","4.04","9",".274","2433"
"Chirinos, Yonny","630023","2019","25","530","498","23","114","28",21.5,".225",".414",".270","0.684","57","400","9","5","3.85","10",".286","1985"
"Hudson, Dakota","641712","2019","24","757","652","22","136","86",18,".245",".403",".338","0.741","65","524","16","7","3.35","17",".316","2846"
"Keller, Brad","641745","2019","23","709","624","15","122","70",17.2,".247",".381",".329","0.710","77","496","7","14","4.19","14",".307","2711"
"Lauer, Eric","641778","2019","24","651","589","20","138","51",21.2,".268",".430",".330","0.760","74","449","8","10","4.45","10",".321","2507"
"Mahle, Tyler","641816","2019","24","556","512","25","129","34",23.2,".266",".457",".318","0.775","74","389","3","12","5.14","7",".326","2138"
"Sparkman, Glenn","642098","2019","27","606","554","30","81","41",13.4,".296",".527",".349","0.876","91","408","4","11","6.02","6",".364","2273"
"Yarbrough, Ryan","642232","2019","27","563","530","15","117","20",20.8,".228",".383",".267","0.650","65","425","11","6","4.13","7",".273","2057"
"Jurado, Ariel","642558","2019","23","541","487","21","81","36",15,".304",".526",".351","0.877","79","367","7","11","5.81","7",".362","2045"
"Brault, Steven","643230","2019","27","505","441","15","100","53",19.8,".265",".438",".353","0.791","65","340","4","6","5.16","5",".338","2001"
"Alcantara, Sandy","645261","2019","23","838","743","23","151","81",18,".241",".397",".322","0.719","85","592","6","14","3.88","14",".308","3090"
"Soroka, Michael","647336","2019","21","701","647","14","142","41",20.3,".236",".340",".288","0.628","52","524","13","4","2.68","18",".272","2553"
"Flaherty, Jack","656427","2019","23","772","704","25","231","55",29.9,".192",".335",".256","0.591","60","589","11","8","2.75","20",".254","3178"
"Thornton, Trent","663423","2019","25","676","603","24","149","60",22,".259",".439",".327","0.766","83","463","6","9","4.84","9",".325","2757"
"Paddack, Chris","663978","2019","23","568","524","23","153","31",26.9,".204",".380",".255","0.635","52","422","9","7","3.33","10",".268","2280"
"Lucchesi, Joey","664192","2019","26","686","619","23","158","56",23,".233",".405",".297","0.702","76","491","10","10","4.18","11",".298","2641"
"Bieber, Shane","669456","2019","24","859","810","31","259","40",30.2,".230",".393",".271","0.664","78","643","15","8","3.28","24",".280","3223"
"Richards, Trevor","670950","2019","26","580","510","19","127","56",21.9,".249",".422",".327","0.749","61","406","6","12","4.06","8",".316","2287"